Sample_name,MSE,Order
N4-10-5-01042024-Q=49.81mL_phút-3.txt,0.8746345704887359,"(2, 1, 3)"
N4-10-5-27032024-Q=50.45mL_phút-1.txt,2.5420276788012806,"(1, 1, 3)"
N4-10-5-29032024-Q=50.81mL_phút-2.txt,0.8365000711816353,"(5, 1, 1)"
N4-15-10-01042024-Q=49.88mL-phút-2.txt,3.0143929943073364,"(1, 1, 3)"
N4-15-10-27032024-Q=49.66mL_phút-1.txt,1.0069902494544414,"(1, 1, 3)"
N4-5-0-01042024-Q=49.99mL_phút-2.txt,0.4588125937253933,"(3, 1, 2)"
N4-5-0-29032024-Q=50.19mL_phút-1.txt,1.2543031649666256,"(4, 0, 0)"
U1-10-5-02042024-Q=49.74mL_phút-4.txt,1.531889205615342,"(2, 0, 5)"
U1-10-5-03042024-Q=50.41mL_phút-5.txt,2.608470379824959,"(4, 1, 4)"
U1-12.5-7.5-04042024-Q=49.9mL_phút-1.txt,8.485578875114065,"(4, 1, 2)"
U1-12.5-7.5-08042024-Q=50mL_phút-2.txt,27.816765117782403,"(2, 1, 2)"
U1-15-10-02042024-Q=49.81mL-phút-3.txt,2.5743084205567897,"(2, 1, 3)"
U1-15-10-03042024-Q=50.76mL-phút-4.txt,3.3259322633583905,"(2, 0, 1)"
U1-17.5-12.5-05042024-Q=49.88mL_phút-1.txt,3.0660821124767397,"(2, 1, 4)"
U1-17.5-12.5-08042024-Q=50.04mL_phút-2.txt,7.382359943120202,"(5, 1, 2)"
U1-2.5-0-04042024-Q=49.96mL_phút-1.txt,1.5941108688291603,"(2, 1, 0)"
U1-2.5-0-05042024-Q=49.63mL_phút-2.txt,5.094728958406023,"(2, 1, 3)"
U1-2.5-0-08042024-Q=49.85mL_phút-3.txt,0.554755078278042,"(2, 0, 5)"
U1-20-15-02042024-Q=49.83mL-phút-1.txt,9.91752434273987,"(2, 1, 5)"
U1-20-15-03042024-Q=50.46mL-phút-2.txt,10.50532372632027,"(1, 1, 3)"
U1-5-0-02042024-Q=50.01mL_phút-3.txt,0.45022522100329604,"(3, 1, 2)"
U1-5-0-03042024-Q=50.30mL_phút-4.txt,6.617871273663323,"(4, 1, 2)"
U1-7.5-2.5-04042024-Q=49.93mL_phút-1.txt,2.370553559129083,"(2, 1, 1)"
U1-7.5-2.5-05042024-Q=49.84mL_phút-2.txt,7.048302715822774,"(2, 1, 2)"
U1-7.5-2.5-08042024-Q=49.62mL_phút-3.txt,1.5071714636932687,"(5, 0, 4)"
U1-VS2-20-10-23042024-Q=49.43mL_phút-3.txt,20.613603610988452,"(2, 0, 3)"
U10-10-0-29042024-Q50.18mLmin-3.txt,1.490692367647468,"(4, 0, 4)"
U10-10-2.5-30042024-Q52.11mLmin-1.txt,0.7669484504968783,"(5, 0, 0)"
"U10-17,5-10-29042024-Q50.18mLmin-1.txt",3.075538738542132,"(3, 1, 5)"
U10-17.5-10-30042024-Q52.11mLmin-2.txt,1.9102230447567974,"(4, 0, 0)"
U10-VS2-12.5-10-07052024-Q=49.84mL_phút-1.txt,12.705011310513303,"(5, 1, 1)"
U10-VS2-20-12.5-07052024-Q=51.44mL_phút-1.txt,72.6356372950004,"(5, 0, 3)"
U100-H3-VS2-15-7.5-03072024-Q=50.21mL-phút-5.txt,479.4080490184461,"(5, 1, 2)"
U100-H3-VS2-7.5-2.5-03072024-Q=50.66mL-phút-5.txt,272.16167138664315,"(5, 1, 2)"
U101-H1-VS2-20-0-04072024-Q=50.2mL-phút-5.txt,11.624169350613693,"(1, 1, 2)"
U103-H1-VS2-7.5-0-05072024-Q=50.34mL-phút-5.txt,0.7063488101168374,"(5, 1, 1)"
U11-VS1-10-2.5-02052024-Q=50.17mL_phút-3.txt,12.480658039406432,"(5, 1, 2)"
U11-VS1-12.5-5-02052024-Q=49.92mL_phút-1.txt,11.55963784012468,"(3, 0, 2)"
U12-VS2-20-12.5-08052024-Q=49.28mL_phút-2.txt,13.229409337364297,"(4, 0, 4)"
U13-VS2-20-12.5-08052024-Q=39.28mL_phút-3.txt,10.445320250861018,"(4, 1, 2)"
U15-VS2-17.5-7.5-09052024-Q=51.44mL_phút-3.txt,10.400183287936104,"(5, 0, 5)"
U16-VS2-12.5-10-09052024-Q=49.88mL_phút-1.txt,9.48588033491224,"(5, 1, 4)"
U165-H1-VS2-12.5-7.5-20082024-Q=49.44mL-phút-5.txt,55.023580624234306,"(4, 0, 4)"
U167-H1-VS2-15-7.5-21082024-Q=49.92mL-phút-5.txt,98.86278646838286,"(5, 0, 5)"
U173-H1-VS2-15-2.5-26082024-Q=49.84mL-phút-5.txt,23.818393713851847,"(4, 1, 5)"
U174-H3-VS2-2.5-0-26082024-Q=49.2mL-phút-5.txt,173.93320730099362,"(5, 1, 4)"
U175-H1-VS2-15-2.5-27082024-Q=49.78mL-phút-5.txt,418.6626640173688,"(5, 0, 1)"
U175-H1-VS2-17.5-2.5-27082024-Q=50.02mL-phút-7.txt,18.166129737363754,"(5, 0, 3)"
U175-H1-VS2-17.5-2.5-27082024-Q=50.2mL-phút-5.txt,12.152920744055237,"(5, 1, 1)"
U176-H3-VS2-15-5-27082024-Q=50.2mL-phút-6.txt,220.98836776387247,"(5, 0, 5)"
U176-H3-VS2-20-5-27082024-Q=49.74mL-phút-6.txt,480.73392485025647,"(5, 1, 4)"
U18-VS2-15-7.5-10052024-Q=49.38mL_phút-1.txt,14.365696458501251,"(5, 1, 1)"
U19-h1-VS2-12.5-10-12052024-Q=50.76mLphut-3.txt,6.200083096799624,"(1, 1, 2)"
U19-h1-VS2-15-7.5-12052024-Q=50.56mLphut-2.txt,4.435883285755733,"(5, 1, 2)"
U2-10-5-09042024-Q=49.78mL_phút-6.txt,3.485586402929265,"(2, 1, 2)"
U2-5-0-09042024-Q=49.76mL_phút-5.txt,0.5603785935734178,"(2, 1, 2)"
U20-h2-VS2-12.5-2.5-12052024-Q=40.23mLphut-2.txt,0.4274329112802026,"(1, 1, 3)"
U20-h2-VS2-15-7.5-12052024-Q=40.11mLphut-3.txt,2.9214501254056953,"(5, 1, 3)"
"U21-h1-VS2-17,5-7.5-13052024-Q=49.77mLphut-2.txt",9.789360590784812,"(4, 0, 4)"
U21-h1-VS2-20-7.5-13052024-Q=49.52mLphut-2.txt,13.703103125504654,"(5, 0, 5)"
U22-h2-VS2-20-7.5-13052024-Q=40.11mLphut-1.txt,1.6396050970442002,"(2, 1, 2)"
U22-h2-VS2-7.5-0-13052024-Q=39.58mLphut-1.txt,0.38860114297999915,"(3, 1, 5)"
U23-H1-VS2-12.5-0-14052024-Q=51.44mL-phút-2.txt,8.674481723669588,"(2, 0, 3)"
U23-H1-VS2-20-12.5-14052024-Q=50.6mL-min-3.txt,13.207274477669609,"(5, 1, 5)"
U25-H1-20-7.5-15052024-Q=50.72mL_phút-3.txt,21.67707012200657,"(5, 0, 5)"
U25-H1-VS2-12.5-0-15052024-Q=50.88mL_phút-3.txt,10.460016574326428,"(2, 0, 3)"
U27-H1-VS2-7.5-0-16052024-Q=51.72mL-phút-2.txt,4.039531968279625,"(5, 0, 4)"
U28-H2-VS2-17.5-15-16052024-Q=40.3mL-phút-2.txt,4.815677606950479,"(5, 1, 2)"
U29-H1-VS2-12.5-2.5-17052024-Q=50.42mL-phút-3.txt,6.524299926767221,"(5, 1, 2)"
U29-H1-VS2-20-7.5-17052024-Q=50.18mL-phút-4.txt,10.039894255581785,"(5, 0, 3)"
U30-H2-VS2-20-7.5-17052024-Q=41.2mL-min-4.txt,11.606157343008034,"(2, 1, 2)"
U31-H1-VS2-17.5-12.5-20052024-Q=50.64mL-phút-4.txt,5.7865277187546305,"(1, 1, 2)"
U33-H1-VS2-17.5-2.5-21052024-Q=49.86mL-phút-1.txt,4.743965616483961,"(4, 0, 5)"
U33-H1-VS2-7.5-0-21052024-Q=48.82mL-phút-3.txt,3.9109213187326475,"(1, 1, 1)"
U34-H2-VS2-17.5-2.5-21052024-Q=39.14mL-phút-2.txt,0.7182024295256412,"(1, 0, 2)"
U35-H1-VS2-17.5-2.5-22052024-Q=48.38mL-phút-3.txt,16.587862796221508,"(5, 1, 5)"
U36-H2-VS2-20-5-22052024-Q=40.52mL-phút-1.txt,1.3026962063496563,"(4, 1, 5)"
U37-H1-VS2-15-2.5-23052024-Q=50.04mL-phút-1.txt,3.504448983036242,"(5, 0, 3)"
U37-H1-VS2-20-5-23052024-Q=50.12mL-phút-2.txt,7.031454075744335,"(5, 1, 1)"
U39-H1-VS2-15-2.5-24052024-Q=49.78mL-phút-2.txt,1.8901818641876407,"(5, 1, 1)"
U39-H1-VS2-17.5-7.5-24052024-Q=51.74mL-phút-1.txt,6.059055090298238,"(3, 1, 2)"
U4-10-0-18042024-Q=49.70mL_phút-1.txt,2.9992370949524103,"(4, 0, 2)"
U4-10-0-19042024-Q50.32mLmin-2.txt,0.28591301755824083,"(3, 1, 3)"
U4-12.5-7.5-18042024-Q=49.88mL_phút-3.txt,1.792266350673733,"(2, 0, 4)"
U4-20-10-18042024-Q=49.73mL_phút-1.txt,1.5298023319026393,"(3, 0, 4)"
U4-20-10-19042024-Q50.28mLmin-2.txt,0.9710374600960826,"(2, 1, 4)"
U4-VS2-10-2.5-01052024-Q=50.17mL_phút-3.txt,4.119948655724197,"(5, 0, 5)"
U4-VS2-17.5-10-01052024-Q=50.16mL_phút-3.txt,11.034969205330604,"(3, 0, 5)"
U40-H2-VS2-15-2.5-24052024-Q=40.72mL-phút-3.txt,0.9285718517690352,"(1, 1, 4)"
U41-h1-VS2-17.5-7.5-26052024-Q=49.83mLphut-2.txt,9.922233343336119,"(5, 1, 2)"
U42-h2-VS2-17.5-7.5-26052024-Q=39.54mLphut-3.txt,0.5721259490416011,"(5, 1, 5)"
U43-H1-VS2-15-5-27052024-Q=49.80mL-phút-1.txt,13.426368709505253,"(5, 1, 1)"
U43-H1-VS2-20-2.5-27052024-Q=50.56mL-phút-1.txt,4.883122634412217,"(2, 0, 4)"
U44-H2-VS2-15-7.5-27052024-Q=40.2mL-phút-4.txt,0.5884840768622598,"(4, 1, 2)"
U45-H1-VS2-20-2.5-28052024-Q=48.92mL-phút-2.txt,19.091049336342916,"(5, 0, 3)"
U46-H2-VS2-10-2.5-28052024-Q=38.96mL-phút-4.txt,3.201703112524309,"(0, 1, 2)"
U46-H2-VS2-17.5-7.5-28052024-Q=40.28mL-phút-3.txt,2.4706913732819515,"(2, 1, 2)"
U47-H1-VS2-15-2.5-29052024-Q=50.48mL-phút-4.txt,6.316618437548127,"(5, 0, 2)"
U47-H1-VS2-20-2.5-29052024-Q=49.44mL-phút-3.txt,6.125222770374029,"(5, 0, 2)"
U48-H2-VS2-15-5-29052024-Q=36.56mL-phút-2.txt,0.9379925171623259,"(2, 1, 2)"
U49-H1-VS2-17.5-5-30052024-Q=51.08mL-phút-1.txt,9.885001396901204,"(1, 1, 3)"
U49-H1-VS2-17.5-7.5-30052024-Q=50.28mL-phút-5.txt,17.260443247648176,"(5, 0, 4)"
U50-H2-VS2-15-5-30052024-Q=43.02mL-phút-3.txt,2.495589890801552,"(1, 1, 5)"
U51-H1-VS2-17.5-5-31052024-Q=49.62mL-phút-2.txt,12.409688005076415,"(5, 0, 2)"
U52-H2-VS2-17.5-5-31052024-Q=41.04mL-phút-3.txt,10.176259513379804,"(5, 1, 2)"
U53-H1-VS2-15-0-03062024-Q=49.8mL-phút-1.txt,8.581444552460832,"(5, 1, 4)"
U54-H3-VS2-12.5-7.5-03062024-Q=50.26mL-phút-3.txt,48.09125398491199,"(5, 1, 5)"
U55-H1-VS2-15-0-04062024-Q=51.44mL-phút-1.txt,5.800942686374854,"(2, 0, 3)"
U57-H1-12.5-2.5-L-05062024-Q=50.2mL-phút-4.txt,20.66067516543094,"(5, 0, 3)"
U59-H1-VS2-12.5-2.5-06062024-Q=49.54mL-phút-4.txt,9.577952437138151,"(5, 1, 5)"
U6-VS2-12.5-5-05052024-Q=49.12mLphut-2.txt,5.013279039943226,"(3, 1, 2)"
U61-H1-VS2-12.5-5-07062024-Q=50.84mL-phút-4.txt,4.810503381855748,"(5, 1, 5)"
U62-H3-VS2-15-0-07062024-Q=51.16mL-phút-3.txt,159.09304561963827,"(2, 1, 3)"
U63-H1-VS2-12.5-7.5-10062024-Q=50.54mL-phút-4.txt,2.4443562974020687,"(3, 0, 3)"
U63-H1-VS2-15-0-10062024-Q=50.28mL-phút-4.txt,5.775134867665082,"(2, 1, 1)"
U65-H1-VS2-15-5-1162024-Q=50.34mL-phút-5.txt,5.855466371469948,"(2, 0, 3)"
U65-H1-VS2-17.5-0-1162024-Q=50.96mL-phút-1.txt,5.457165156978155,"(4, 0, 5)"
U67-H1-VS2-17.5-2.5-12062024-Q=50.24mL-phút-4.txt,1.3640646950401631,"(4, 0, 5)"
U69-H1-VS2-17.5-0-13062024-Q=50.6mL-phút-2.txt,3.1634404403969483,"(5, 1, 5)"
U69-H1-VS2-20-15-13062024-Q=50.10mL-phút-4.txt,5.185553862105737,"(4, 1, 3)"
U7-VS2-12.5-2.5-05052024-Q=49.81mLphut-1.txt,1.0812809771473866,"(5, 1, 1)"
U71-H1-VS2-17.5-0-14062024-Q=50.2mL-phút-3.txt,14.54169042231212,"(5, 1, 5)"
U72-H3-VS2-17.5-0-14062024-Q=50.36mL-phút-4.txt,11.269367082253352,"(5, 1, 2)"
U73-h1-VS2-20-15-16062024-Q=49.88mLphut-5.txt,5.78241466776857,"(1, 1, 2)"
U74-H3-VS2-17.5-12.5-16062024-Q=50.14mLphut-5.txt,7.642310646954559,"(2, 1, 4)"
U74-H3-VS2-17.5-12.5-16062024-Q=50.42mLphut-4.txt,149.31532497828798,"(2, 1, 2)"
U75-H1-VS2-10-0-17062024-Q=49.88mL-phút-4.txt,3.095353958728781,"(5, 1, 5)"
U75-H1-VS2-20-12.5-17062024-Q=50.36mL-phút-4.txt,5.146003288185348,"(5, 1, 4)"
U76-H3-VS2-10-0-17062024-Q=50.92mL-phút-5.txt,6.873599895835445,"(1, 1, 4)"
U77-H1-VS2-17.5-5-18062024-Q=50.02mL-phút-4.txt,3.17643778740515,"(5, 1, 1)"
U78-H3-VS2-2.5-0-17062024-Q=49.68mL-phút-4.txt,9.553024753406529,"(2, 1, 3)"
U79-H1-VS2-20-10-19062024-Q=50.22mL-phút-4.txt,12.579764732712285,"(5, 1, 1)"
U79-H1-VS2-20-12.5-19062024-Q=50.2mL-phút-3.txt,13.867585970041258,"(5, 1, 5)"
U8-VS2-12.5-0-06052024-Q=51.36mL_phút-1.txt,3.426252718205601,"(5, 1, 1)"
U8-VS2-12.5-5-06052024-Q=50.84mL_phút-3.txt,4.481725233969772,"(4, 0, 3)"
U80-H3-VS2-20-10-19062024-Q=51.06mL-phút-5.txt,64.38735807558001,"(5, 1, 2)"
U81-H1-VS2-20-0-20062024-Q=51.08mL-phút-1.txt,6.193256229961938,"(3, 1, 2)"
U81-H1-VS2-20-5-20062024-Q=50.28mL-phút-4.txt,6.165546458573955,"(5, 1, 1)"
U82-H3-VS2-20-5-20062024-Q=50.92mL-phút-5.txt,57.198213083608294,"(5, 1, 4)"
U83-H1-VS2-17.5-5-L-21062024-Q=50.38mL-phút-5.txt,22.12071998882286,"(2, 1, 3)"
U84-H2-VS2-20-2.5-21062024-Q=50.58mL-phút-4.txt,21.602455488545022,"(3, 1, 3)"
U85-H1-VS2-15-5-24062024-Q=49.8mL-phút-5.txt,7.0843623712866455,"(4, 1, 5)"
U85-H1-VS2-20-0-24062024-Q=50.2mL-phút-2.txt,3.6186236437260697,"(1, 1, 2)"
U86-H3-VS2-20-2.5-24062024-Q=49.8mL-phút-5.txt,14.737188876011668,"(5, 1, 2)"
"U87-H1-VS2-15-0-25062024-Q=49,58mLphut-5.txt",1.6705919833270666,"(3, 0, 2)"
"U87-H1-VS2-15-5-25062024-Q=49,33mLphut-5.txt",4.385584970148635,"(1, 1, 3)"
U88-H3-VS2-7.5-2.5-25062024-Q=51.14mLphut-4.txt,26.049531053358688,"(5, 1, 2)"
U89-H1-VS2-12.5-5-26062024-Q=49.63mLphut-5.txt,2.1063855648342287,"(5, 1, 1)"
"U89-H1-VS2-17,5-10-26062024-Q=50.09mLphut-4.txt",1.826386090983869,"(2, 0, 5)"
U90-H3-VS2-10-2.5-26062024-Q=51.44mLphut-5.txt,7.364314878650429,"(3, 1, 5)"
"U90-H3-VS2-17,5-10-26062024-Q=51.52mLphut-5.txt",18.545758534910785,"(5, 1, 1)"
U92-H3-VS2-17.5-2.5-27062024-Q=50.14mL-phút-5.txt,20.81768204826968,"(2, 0, 4)"
U93-H1-VS2-20-0-28062024-Q=50.66mL-phút-3.txt,4.2489568610000825,"(5, 1, 1)"
U94-H3-VS2-20-0-28062024-Q=49.72mL-phút-4.txt,28.759077528274403,"(5, 1, 4)"
U95-H1-VS2-7.5-0-01072024-Q=49.24mL-phút-4.txt,0.4904403090441575,"(3, 1, 2)"
U98-H3-VS2-12.5-0-02072024-Q=51.2mL-phút-4.txt,8.53461909167704,"(4, 1, 2)"
U99-H1-VS2-12.5-0-03072024-Q=48.8mL-phút-5.txt,3.0131698301810146,"(2, 1, 2)"
