Sample Name,Sheet Name,Block Index,peak_idx,Tag,Doin,No.peak,DOmin,DDO,phase_label
27032024-BOD-15-10-Q=49.66mL/phút-1,N4-25.03.2024,0,0,BOD15,260.6018,301.0,256.62,3.98176,0
27032024-BOD-15-10-Q=49.66mL/phút-1,N4-25.03.2024,0,1,,260.3979,775.0,256.39001,4.00793,0
27032024-BOD-15-10-Q=49.66mL/phút-1,N4-25.03.2024,0,2,,260.1353,1247.0,256.41,3.72529,0
27032024-BOD-15-10-Q=49.66mL/phút-1,N4-25.03.2024,0,3,,260.2894,1722.0,256.22,4.06941,0
27032024-BOD-15-10-Q=49.66mL/phút-1,N4-25.03.2024,0,4,,260.1271,2194.0,256.29999,3.82707,0
27032024-BOD-15-10-Q=49.66mL/phút-1,N4-25.03.2024,0,5,,259.8459,2666.0,255.74001,4.10587,0
27032024-BOD-15-10-Q=49.66mL/phút-1,N4-25.03.2024,0,6,,259.4615,3140.0,255.50999,3.95148,0
27032024-BOD-15-10-Q=49.66mL/phút-1,N4-25.03.2024,0,7,BOD10,258.8894,3617.0,255.24001,3.6494,1
27032024-BOD-15-10-Q=49.66mL/phút-1,N4-25.03.2024,0,8,,258.4747,4090.0,255.14999,3.32471,1
27032024-BOD-15-10-Q=49.66mL/phút-1,N4-25.03.2024,0,9,,258.7024,4558.0,255.74001,2.96239,2
27032024-BOD-15-10-Q=49.66mL/phút-1,N4-25.03.2024,0,10,,259.109,5030.0,255.8,3.30903,2
27032024-BOD-15-10-Q=49.66mL/phút-1,N4-25.03.2024,0,11,,258.9728,5505.0,255.87,3.10278,2
27032024-BOD-15-10-Q=49.66mL/phút-1,N4-25.03.2024,0,12,,258.8459,5980.0,255.55,3.29594,2
27032024-BOD-15-10-Q=49.66mL/phút-1,N4-25.03.2024,0,13,,258.6695,6452.0,255.67999,2.98947,2
27032024-BOD-15-10-Q=49.66mL/phút-1,N4-25.03.2024,0,14,,258.6265,6925.0,255.55,3.07649,2
27032024-BOD-15-10-Q=49.66mL/phút-1,N4-25.03.2024,0,15,,258.57,7401.0,254.95,3.61999,2
27032024-BOD-15-10-Q=49.66mL/phút-1,N4-25.03.2024,0,16,,257.9229,7877.0,254.25999,3.66293,2
27032024-BOD-10-5-Q=50.45mL/phút-1,N4-25.03.2024,1,0,BOD10,258.9728,301.0,255.87,3.10278,0
27032024-BOD-10-5-Q=50.45mL/phút-1,N4-25.03.2024,1,1,,258.8459,776.0,255.55,3.29594,0
27032024-BOD-10-5-Q=50.45mL/phút-1,N4-25.03.2024,1,2,,258.6695,1248.0,255.67999,2.98947,0
27032024-BOD-10-5-Q=50.45mL/phút-1,N4-25.03.2024,1,3,,258.6265,1721.0,255.55,3.07649,0
27032024-BOD-10-5-Q=50.45mL/phút-1,N4-25.03.2024,1,4,,258.57,2197.0,254.95,3.61999,0
27032024-BOD-10-5-Q=50.45mL/phút-1,N4-25.03.2024,1,5,,257.9229,2673.0,254.25999,3.66293,0
27032024-BOD-10-5-Q=50.45mL/phút-1,N4-25.03.2024,1,6,,256.8814,3143.0,253.5,3.38143,0
27032024-BOD-10-5-Q=50.45mL/phút-1,N4-25.03.2024,1,7,,256.5239,3618.0,253.08,3.44388,0
27032024-BOD-10-5-Q=50.45mL/phút-1,N4-25.03.2024,1,8,BOD5,257.1023,4088.0,253.31,3.79229,1
27032024-BOD-10-5-Q=50.45mL/phút-1,N4-25.03.2024,1,9,,256.9808,4564.0,253.64999,3.3308,1
27032024-BOD-10-5-Q=50.45mL/phút-1,N4-25.03.2024,1,10,,256.7372,5038.0,253.08,3.65718,1
27032024-BOD-10-5-Q=50.45mL/phút-1,N4-25.03.2024,1,11,,256.2184,5512.0,253.03999,3.17843,1
27032024-BOD-10-5-Q=50.45mL/phút-1,N4-25.03.2024,1,12,,256.134,5983.0,253.25,2.88395,2
27032024-BOD-10-5-Q=50.45mL/phút-1,N4-25.03.2024,1,13,,255.7542,6455.0,252.81,2.94421,2
27032024-BOD-10-5-Q=50.45mL/phút-1,N4-25.03.2024,1,14,,255.5911,6929.0,252.75,2.84105,2
27032024-BOD-10-5-Q=50.45mL/phút-1,N4-25.03.2024,1,15,,255.575,7402.0,252.85001,2.72499,2
27032024-BOD-10-5-Q=50.45mL/phút-1,N4-25.03.2024,1,16,,255.5111,7877.0,252.78999,2.72106,2
27032024-BOD-10-5-Q=50.45mL/phút-1,N4-25.03.2024,1,17,,255.5668,8349.0,252.81,2.75684,2
27032024-BOD-10-5-Q=50.45mL/phút-1,N4-25.03.2024,1,18,,255.5547,8824.0,253.02,2.53474,2
29032024-BOD-10-5-Q=50.81mL/phút-2,N4-25.03.2024,2,0,BOD10,278.22639,301.0,273.98,4.24639,0
29032024-BOD-10-5-Q=50.81mL/phút-2,N4-25.03.2024,2,1,,278.22972,773.0,273.98,4.24972,0
29032024-BOD-10-5-Q=50.81mL/phút-2,N4-25.03.2024,2,2,,278.11757,1247.0,273.81,4.30757,0
29032024-BOD-10-5-Q=50.81mL/phút-2,N4-25.03.2024,2,3,,278.07405,1719.0,273.35,4.72405,0
29032024-BOD-10-5-Q=50.81mL/phút-2,N4-25.03.2024,2,4,,277.99111,2192.0,273.62,4.37111,0
29032024-BOD-10-5-Q=50.81mL/phút-2,N4-25.03.2024,2,5,,278.11944,2666.0,274.07,4.04944,0
29032024-BOD-10-5-Q=50.81mL/phút-2,N4-25.03.2024,2,6,,278.29055,3139.0,273.6,4.69055,0
29032024-BOD-10-5-Q=50.81mL/phút-2,N4-25.03.2024,2,7,,278.14139,3611.0,273.79,4.35139,0
29032024-BOD-10-5-Q=50.81mL/phút-2,N4-25.03.2024,2,8,BOD5,276.745,4086.0,272.04,4.705,1
29032024-BOD-10-5-Q=50.81mL/phút-2,N4-25.03.2024,2,9,,277.28722,4559.0,272.6,4.68722,1
29032024-BOD-10-5-Q=50.81mL/phút-2,N4-25.03.2024,2,10,,277.38621,5033.0,273.07,4.31621,1
29032024-BOD-10-5-Q=50.81mL/phút-2,N4-25.03.2024,2,11,,277.365,5505.0,273.41,3.955,1
29032024-BOD-10-5-Q=50.81mL/phút-2,N4-25.03.2024,2,12,,277.38694,5979.0,273.37,4.01694,1
29032024-BOD-10-5-Q=50.81mL/phút-2,N4-25.03.2024,2,13,,277.67639,6451.0,273.82,3.85639,2
29032024-BOD-10-5-Q=50.81mL/phút-2,N4-25.03.2024,2,14,,277.84139,6926.0,273.98,3.86139,2
29032024-BOD-10-5-Q=50.81mL/phút-2,N4-25.03.2024,2,15,,278.00306,7399.0,274.01,3.99306,2
29032024-BOD-10-5-Q=50.81mL/phút-2,N4-25.03.2024,2,16,,278.09306,7873.0,274.2,3.89306,2
29032024-BOD-10-5-Q=50.81mL/phút-2,N4-25.03.2024,2,17,,278.06972,8345.0,274.29,3.77972,2
29032024-BOD-10-5-Q=50.81mL/phút-2,N4-25.03.2024,2,18,,277.87162,8822.0,274.06,3.81162,2
29032024-BOD-10-5-Q=50.81mL/phút-2,N4-25.03.2024,2,19,,277.67352,9292.0,274.25,3.42352,2
29032024-BOD-5-0-Q=50.19mL/phút-1,N4-25.03.2024,3,0,BOD5,277.67639,301.0,273.82,3.85639,0
29032024-BOD-5-0-Q=50.19mL/phút-1,N4-25.03.2024,3,1,,277.84139,776.0,273.98,3.86139,0
29032024-BOD-5-0-Q=50.19mL/phút-1,N4-25.03.2024,3,2,,278.00306,1249.0,274.01,3.99306,0
29032024-BOD-5-0-Q=50.19mL/phút-1,N4-25.03.2024,3,3,,278.09306,1724.0,274.27,3.82306,0
29032024-BOD-5-0-Q=50.19mL/phút-1,N4-25.03.2024,3,4,,278.06972,2195.0,274.29,3.77972,0
29032024-BOD-5-0-Q=50.19mL/phút-1,N4-25.03.2024,3,5,,277.87162,2671.0,274.06,3.81162,0
29032024-BOD-5-0-Q=50.19mL/phút-1,N4-25.03.2024,3,6,,277.67352,3142.0,274.25,3.42352,0
29032024-BOD-5-0-Q=50.19mL/phút-1,N4-25.03.2024,3,7,BOD0,278.088,3617.0,274.29,3.798,1
29032024-BOD-5-0-Q=50.19mL/phút-1,N4-25.03.2024,3,8,,278.20483,4090.0,275.5,2.70483,2
29032024-BOD-5-0-Q=50.19mL/phút-1,N4-25.03.2024,3,9,,278.52793,4564.0,275.64,2.88793,2
29032024-BOD-5-0-Q=50.19mL/phút-1,N4-25.03.2024,3,10,,278.53138,5036.0,276.17,2.36138,2
29032024-BOD-5-0-Q=50.19mL/phút-1,N4-25.03.2024,3,11,,278.62035,5510.0,276.42,2.20035,2
29032024-BOD-5-0-Q=50.19mL/phút-1,N4-25.03.2024,3,12,,278.70267,5985.0,276.39,2.31267,2
29032024-BOD-5-0-Q=50.19mL/phút-1,N4-25.03.2024,3,13,,278.81066,6458.0,276.67,2.14066,2
29032024-BOD-5-0-Q=50.19mL/phút-1,N4-25.03.2024,3,14,,278.99448,6931.0,276.72,2.27448,2
01042024-BOD-15-10-Q=49.88mL/phút-2,N4-25.03.2024,4,0,BOD15,285.52577,299.0,279.62,5.90577,0
01042024-BOD-15-10-Q=49.88mL/phút-2,N4-25.03.2024,4,1,,285.44654,774.0,279.48,5.96654,0
01042024-BOD-15-10-Q=49.88mL/phút-2,N4-25.03.2024,4,2,,285.06137,1248.0,279.41,5.65137,0
01042024-BOD-15-10-Q=49.88mL/phút-2,N4-25.03.2024,4,3,,284.82581,1721.0,279.07,5.75581,0
01042024-BOD-15-10-Q=49.88mL/phút-2,N4-25.03.2024,4,4,,285.45226,2195.0,279.35,6.10226,0
01042024-BOD-15-10-Q=49.88mL/phút-2,N4-25.03.2024,4,5,,285.51769,2666.0,279.45,6.06769,0
01042024-BOD-15-10-Q=49.88mL/phút-2,N4-25.03.2024,4,6,,285.36846,3140.0,279.41,5.95846,0
01042024-BOD-15-10-Q=49.88mL/phút-2,N4-25.03.2024,4,7,,285.45231,3613.0,279.41,6.04231,0
01042024-BOD-15-10-Q=49.88mL/phút-2,N4-25.03.2024,4,8,BOD10,284.63611,4086.0,278.6,6.03611,1
01042024-BOD-15-10-Q=49.88mL/phút-2,N4-25.03.2024,4,9,,284.60962,4561.0,278.62,5.98962,1
01042024-BOD-15-10-Q=49.88mL/phút-2,N4-25.03.2024,4,10,,284.70696,5033.0,278.62,6.08696,1
01042024-BOD-15-10-Q=49.88mL/phút-2,N4-25.03.2024,4,11,,284.12572,5507.0,278.76,5.36572,2
01042024-BOD-15-10-Q=49.88mL/phút-2,N4-25.03.2024,4,12,,284.22231,5982.0,278.37,5.85231,2
01042024-BOD-15-10-Q=49.88mL/phút-2,N4-25.03.2024,4,13,,284.16576,6454.0,278.76,5.40576,2
01042024-BOD-15-10-Q=49.88mL/phút-2,N4-25.03.2024,4,14,,284.03333,6928.0,278.42,5.61333,2
01042024-BOD-15-10-Q=49.88mL/phút-2,N4-25.03.2024,4,15,,283.85039,7401.0,278.37,5.48039,2
01042024-BOD-15-10-Q=49.88mL/phút-2,N4-25.03.2024,4,16,,283.47692,7874.0,278.51,4.96692,2
01042024-BOD-15-10-Q=49.88mL/phút-2,N4-25.03.2024,4,17,,283.09261,8347.0,278.14,4.95261,2
01042024-BOD-15-10-Q=49.88mL/phút-2,N4-25.03.2024,4,18,,283.38704,8820.0,278.62,4.76704,2
01042024-BOD-10-5-Q=49.81mL/phút-3,N4-25.03.2024,5,0,BOD10,284.12572,301.0,278.76,5.36572,0
01042024-BOD-10-5-Q=49.81mL/phút-3,N4-25.03.2024,5,1,,284.22231,777.0,278.37,5.85231,0
01042024-BOD-10-5-Q=49.81mL/phút-3,N4-25.03.2024,5,2,,284.16576,1249.0,278.76,5.40576,0
01042024-BOD-10-5-Q=49.81mL/phút-3,N4-25.03.2024,5,3,,284.03333,1723.0,278.48,5.55333,0
01042024-BOD-10-5-Q=49.81mL/phút-3,N4-25.03.2024,5,4,,283.85039,2196.0,278.37,5.48039,0
01042024-BOD-10-5-Q=49.81mL/phút-3,N4-25.03.2024,5,5,,283.47692,2669.0,278.51,4.96692,0
01042024-BOD-10-5-Q=49.81mL/phút-3,N4-25.03.2024,5,6,,283.09261,3142.0,278.14,4.95261,0
01042024-BOD-10-5-Q=49.81mL/phút-3,N4-25.03.2024,5,7,,283.38704,3617.0,278.62,4.76704,0
01042024-BOD-10-5-Q=49.81mL/phút-3,N4-25.03.2024,5,8,BOD5,282.99923,4089.0,277.29,5.70923,1
01042024-BOD-10-5-Q=49.81mL/phút-3,N4-25.03.2024,5,9,,282.43708,4562.0,277.28,5.15708,1
01042024-BOD-10-5-Q=49.81mL/phút-3,N4-25.03.2024,5,10,,282.93826,5036.0,277.72,5.21826,1
01042024-BOD-10-5-Q=49.81mL/phút-3,N4-25.03.2024,5,11,,282.97208,5510.0,278.54,4.43208,1
01042024-BOD-10-5-Q=49.81mL/phút-3,N4-25.03.2024,5,12,,283.23613,5984.0,278.16,5.07613,2
01042024-BOD-10-5-Q=49.81mL/phút-3,N4-25.03.2024,5,13,,283.11719,6456.0,278.04,5.07719,2
01042024-BOD-10-5-Q=49.81mL/phút-3,N4-25.03.2024,5,14,,283.04581,6929.0,278.62,4.42581,2
01042024-BOD-10-5-Q=49.81mL/phút-3,N4-25.03.2024,5,15,,282.95156,7403.0,277.57,5.38156,2
01042024-BOD-10-5-Q=49.81mL/phút-3,N4-25.03.2024,5,16,,282.98355,7877.0,278.26,4.72355,2
01042024-BOD-10-5-Q=49.81mL/phút-3,N4-25.03.2024,5,17,,282.84032,8351.0,278.16,4.68032,2
01042024-BOD-10-5-Q=49.81mL/phút-3,N4-25.03.2024,5,18,,282.71316,8823.0,277.59,5.12316,2
01042024-BOD-10-5-Q=49.81mL/phút-3,N4-25.03.2024,5,19,,282.56973,9295.0,277.73,4.83973,2
01042024-BOD-10-5-Q=49.81mL/phút-3,N4-25.03.2024,6,0,BOD5,283.2361,301.0,278.16,5.07613,0
01042024-BOD-10-5-Q=49.81mL/phút-3,N4-25.03.2024,6,1,,283.0468,773.0,278.04,5.00679,0
01042024-BOD-10-5-Q=49.81mL/phút-3,N4-25.03.2024,6,2,,283.1172,1246.0,278.62,4.49719,0
01042024-BOD-10-5-Q=49.81mL/phút-3,N4-25.03.2024,6,3,,283.0458,1720.0,278.57,4.47581,0
01042024-BOD-10-5-Q=49.81mL/phút-3,N4-25.03.2024,6,4,,282.9516,2196.0,278.26,4.69156,0
01042024-BOD-10-5-Q=49.81mL/phút-3,N4-25.03.2024,6,5,,282.9836,2668.0,278.17,4.81355,0
01042024-BOD-10-5-Q=49.81mL/phút-3,N4-25.03.2024,6,6,,282.8403,3140.0,277.59,5.25032,0
01042024-BOD-10-5-Q=49.81mL/phút-3,N4-25.03.2024,6,7,,282.7132,3612.0,277.73,4.98316,0
01042024-BOD-10-5-Q=49.81mL/phút-3,N4-25.03.2024,6,8,BOD0,282.7055,4086.0,278.35,4.35552,1
01042024-BOD-10-5-Q=49.81mL/phút-3,N4-25.03.2024,6,9,,282.8474,4559.0,279.32,3.52743,2
01042024-BOD-10-5-Q=49.81mL/phút-3,N4-25.03.2024,6,10,,283.1442,5032.0,279.35,3.79421,2
01042024-BOD-10-5-Q=49.81mL/phút-3,N4-25.03.2024,6,11,,283.2195,5506.0,279.81,3.40948,2
01042024-BOD-10-5-Q=49.81mL/phút-3,N4-25.03.2024,6,12,,283.4616,5980.0,279.87,3.59158,2
01042024-BOD-10-5-Q=49.81mL/phút-3,N4-25.03.2024,6,13,,283.4105,6454.0,279.98,3.43053,2
01042024-BOD-10-5-Q=49.81mL/phút-3,N4-25.03.2024,6,14,,283.4436,6927.0,280.2,3.24359,2
01042024-BOD-10-5-Q=49.81mL/phút-3,N4-25.03.2024,6,15,,283.089,7399.0,280.1,2.98895,2
01042024-BOD-10-5-Q=49.81mL/phút-3,N4-25.03.2024,6,16,,283.224,7871.0,279.81,3.41395,2
02042024-BOD-20-15-Q=49.83mL/phút-1,U1-26.03.2024,0,0,BOD20,286.705,5946.0,276.14,10.565,0
02042024-BOD-20-15-Q=49.83mL/phút-1,U1-26.03.2024,0,1,,286.60393,6419.0,275.94,10.66393,0
02042024-BOD-20-15-Q=49.83mL/phút-1,U1-26.03.2024,0,2,,286.74607,6893.0,275.39,11.35607,0
02042024-BOD-20-15-Q=49.83mL/phút-1,U1-26.03.2024,0,3,,286.74643,7366.0,275.84,10.90643,0
02042024-BOD-20-15-Q=49.83mL/phút-1,U1-26.03.2024,0,4,,286.62786,7840.0,275.89,10.73786,0
02042024-BOD-20-15-Q=49.83mL/phút-1,U1-26.03.2024,0,5,,286.71241,8313.0,275.85,10.86241,0
02042024-BOD-20-15-Q=49.83mL/phút-1,U1-26.03.2024,0,6,,286.37042,8787.0,275.14,11.23042,0
02042024-BOD-20-15-Q=49.83mL/phút-1,U1-26.03.2024,0,7,,286.60292,9260.0,275.39,11.21292,0
02042024-BOD-20-15-Q=49.83mL/phút-1,U1-26.03.2024,0,8,,286.55304,9734.0,275.23,11.32304,0
02042024-BOD-20-15-Q=49.83mL/phút-1,U1-26.03.2024,0,9,BOD15,285.60792,10207.0,275.07,10.53792,1
02042024-BOD-20-15-Q=49.83mL/phút-1,U1-26.03.2024,0,10,,285.02739,10678.0,275.63,9.39739,1
02042024-BOD-20-15-Q=49.83mL/phút-1,U1-26.03.2024,0,11,,284.88131,11152.0,275.7,9.18131,2
02042024-BOD-20-15-Q=49.83mL/phút-1,U1-26.03.2024,0,12,,284.92348,11625.0,274.94,9.98348,2
02042024-BOD-20-15-Q=49.83mL/phút-1,U1-26.03.2024,0,13,,284.73305,12099.0,275.57,9.16305,2
02042024-BOD-20-15-Q=49.83mL/phút-1,U1-26.03.2024,0,14,,284.74305,12573.0,275.2,9.54305,2
02042024-BOD-20-15-Q=49.83mL/phút-1,U1-26.03.2024,0,15,,284.41435,13045.0,275.04,9.37435,2
02042024-BOD-20-15-Q=49.83mL/phút-1,U1-26.03.2024,0,16,,284.02913,13519.0,274.95,9.07913,2
02042024-BOD-20-15-Q=49.83mL/phút-1,U1-26.03.2024,0,17,,284.12036,13992.0,274.54,9.58036,2
02042024-BOD-20-15-Q=49.83mL/phút-1,U1-26.03.2024,0,18,,283.89179,14466.0,274.76,9.13179,2
02042024-BOD-15-10-Q=49.81mL/phút-3,U1-26.03.2024,1,0,BOD15,284.88131,301.0,275.7,9.18131,0
02042024-BOD-15-10-Q=49.81mL/phút-3,U1-26.03.2024,1,1,,284.92348,774.0,274.94,9.98348,0
02042024-BOD-15-10-Q=49.81mL/phút-3,U1-26.03.2024,1,2,,284.73305,1248.0,275.57,9.16305,0
02042024-BOD-15-10-Q=49.81mL/phút-3,U1-26.03.2024,1,3,,284.74305,1722.0,275.2,9.54305,0
02042024-BOD-15-10-Q=49.81mL/phút-3,U1-26.03.2024,1,4,,284.41435,2194.0,275.04,9.37435,0
02042024-BOD-15-10-Q=49.81mL/phút-3,U1-26.03.2024,1,5,,284.02913,2668.0,274.95,9.07913,0
02042024-BOD-15-10-Q=49.81mL/phút-3,U1-26.03.2024,1,6,,284.12036,3141.0,274.54,9.58036,0
02042024-BOD-15-10-Q=49.81mL/phút-3,U1-26.03.2024,1,7,,283.89179,3615.0,274.76,9.13179,0
02042024-BOD-15-10-Q=49.81mL/phút-3,U1-26.03.2024,1,8,BOD10,283.5125,4090.0,275.42,8.0925,1
02042024-BOD-15-10-Q=49.81mL/phút-3,U1-26.03.2024,1,9,,283.40108,4562.0,275.94,7.46108,2
02042024-BOD-15-10-Q=49.81mL/phút-3,U1-26.03.2024,1,10,,283.34828,5033.0,275.84,7.50828,2
02042024-BOD-15-10-Q=49.81mL/phút-3,U1-26.03.2024,1,11,,283.27464,5508.0,275.57,7.70464,2
02042024-BOD-15-10-Q=49.81mL/phút-3,U1-26.03.2024,1,12,,283.24679,5980.0,275.48,7.76679,2
02042024-BOD-15-10-Q=49.81mL/phút-3,U1-26.03.2024,1,13,,283.46072,6455.0,276.03,7.43072,2
02042024-BOD-15-10-Q=49.81mL/phút-3,U1-26.03.2024,1,14,,283.30322,6927.0,275.7,7.60322,2
02042024-BOD-15-10-Q=49.81mL/phút-3,U1-26.03.2024,1,15,,283.30357,7401.0,275.39,7.91357,2
02042024-BOD-15-10-Q=49.81mL/phút-3,U1-26.03.2024,1,16,,283.26643,7874.0,275.54,7.72643,2
02042024-BOD-10-5-Q=49.74mL/phút-4,U1-26.03.2024,2,0,BOD10,283.27464,301.0,275.57,7.70464,0
02042024-BOD-10-5-Q=49.74mL/phút-4,U1-26.03.2024,2,1,,283.24679,773.0,275.48,7.76679,0
02042024-BOD-10-5-Q=49.74mL/phút-4,U1-26.03.2024,2,2,,283.46072,1248.0,276.03,7.43072,0
02042024-BOD-10-5-Q=49.74mL/phút-4,U1-26.03.2024,2,3,,283.30322,1720.0,275.7,7.60322,0
02042024-BOD-10-5-Q=49.74mL/phút-4,U1-26.03.2024,2,4,,283.30357,2194.0,275.39,7.91357,0
02042024-BOD-10-5-Q=49.74mL/phút-4,U1-26.03.2024,2,5,,283.26643,2667.0,275.54,7.72643,0
02042024-BOD-10-5-Q=49.74mL/phút-4,U1-26.03.2024,2,6,,283.36143,3140.0,275.6,7.76143,0
02042024-BOD-10-5-Q=49.74mL/phút-4,U1-26.03.2024,2,7,,283.66857,3613.0,275.98,7.68857,0
02042024-BOD-10-5-Q=49.74mL/phút-4,U1-26.03.2024,2,8,BOD5,282.81357,4087.0,276.79,6.02357,1
02042024-BOD-10-5-Q=49.74mL/phút-4,U1-26.03.2024,2,9,,283.18072,4560.0,277.28,5.90072,1
02042024-BOD-10-5-Q=49.74mL/phút-4,U1-26.03.2024,2,10,,283.13536,5035.0,277.39,5.74536,1
02042024-BOD-10-5-Q=49.74mL/phút-4,U1-26.03.2024,2,11,,283.15858,5507.0,277.09,6.06858,2
02042024-BOD-10-5-Q=49.74mL/phút-4,U1-26.03.2024,2,12,,282.94536,5981.0,277.07,5.87536,2
02042024-BOD-10-5-Q=49.74mL/phút-4,U1-26.03.2024,2,13,,283.1925,6453.0,277.51,5.6825,2
02042024-BOD-10-5-Q=49.74mL/phút-4,U1-26.03.2024,2,14,,283.19035,6927.0,277.39,5.80035,2
02042024-BOD-10-5-Q=49.74mL/phút-4,U1-26.03.2024,2,15,,283.2775,7400.0,277.54,5.7375,2
02042024-BOD-10-5-Q=49.74mL/phút-4,U1-26.03.2024,2,16,,283.24536,7873.0,277.87,5.37536,2
02042024-BOD-10-5-Q=49.74mL/phút-4,U1-26.03.2024,2,17,,283.39965,8346.0,277.04,6.35965,2
02042024-BOD-10-5-Q=49.74mL/phút-4,U1-26.03.2024,2,18,,283.58893,8820.0,278.04,5.54893,2
02042024-BOD-5-0-Q=50.01mL/phút-3,U1-26.03.2024,3,0,BOD5,282.9454,301.0,277.07,5.87536,0
02042024-BOD-5-0-Q=50.01mL/phút-3,U1-26.03.2024,3,1,,283.1925,773.0,277.51,5.6825,0
02042024-BOD-5-0-Q=50.01mL/phút-3,U1-26.03.2024,3,2,,283.2775,1247.0,277.39,5.8875,0
02042024-BOD-5-0-Q=50.01mL/phút-3,U1-26.03.2024,3,3,,283.2454,1720.0,277.54,5.70536,0
02042024-BOD-5-0-Q=50.01mL/phút-3,U1-26.03.2024,3,4,,283.3997,2193.0,277.87,5.52965,0
02042024-BOD-5-0-Q=50.01mL/phút-3,U1-26.03.2024,3,5,,283.5889,2666.0,278.01,5.57893,0
02042024-BOD-5-0-Q=50.01mL/phút-3,U1-26.03.2024,3,6,,283.6629,3140.0,278.04,5.62286,0
02042024-BOD-5-0-Q=50.01mL/phút-3,U1-26.03.2024,3,7,BOD0,283.7814,3614.0,280.57,3.21143,1
02042024-BOD-5-0-Q=50.01mL/phút-3,U1-26.03.2024,3,8,,284.0918,4087.0,281.59,2.50179,2
02042024-BOD-5-0-Q=50.01mL/phút-3,U1-26.03.2024,3,9,,284.4132,4560.0,282.01,2.40322,2
02042024-BOD-5-0-Q=50.01mL/phút-3,U1-26.03.2024,3,10,,284.5555,5035.0,282.03,2.52552,2
02042024-BOD-5-0-Q=50.01mL/phút-3,U1-26.03.2024,3,11,,284.7968,5507.0,282.42,2.37679,2
02042024-BOD-5-0-Q=50.01mL/phút-3,U1-26.03.2024,3,12,,285.1214,5981.0,282.92,2.20143,2
02042024-BOD-5-0-Q=50.01mL/phút-3,U1-26.03.2024,3,13,,285.5164,6455.0,283.17,2.34643,2
02042024-BOD-5-0-Q=50.01mL/phút-3,U1-26.03.2024,3,14,,285.6193,6929.0,283.17,2.44929,2
02042024-BOD-5-0-Q=50.01mL/phút-3,U1-26.03.2024,3,15,,285.8881,7401.0,283.66,2.22806,2
03042024-BOD-20-15-Q=50.46mL/phút-2,U1-26.03.2024,4,0,BOD20,286.2564,301.0,276.13,10.12639,0
03042024-BOD-20-15-Q=50.46mL/phút-2,U1-26.03.2024,4,1,,286.2367,774.0,276.03,10.20667,0
03042024-BOD-20-15-Q=50.46mL/phút-2,U1-26.03.2024,4,2,,285.9256,1249.0,276.0,9.92556,0
03042024-BOD-20-15-Q=50.46mL/phút-2,U1-26.03.2024,4,3,,285.8047,1723.0,275.52,10.28473,0
03042024-BOD-20-15-Q=50.46mL/phút-2,U1-26.03.2024,4,4,,285.6386,2197.0,275.13,10.50861,0
03042024-BOD-20-15-Q=50.46mL/phút-2,U1-26.03.2024,4,5,,285.4853,2669.0,275.08,10.40529,0
03042024-BOD-20-15-Q=50.46mL/phút-2,U1-26.03.2024,4,6,,284.0442,3142.0,274.12,9.92417,1
03042024-BOD-20-15-Q=50.46mL/phút-2,U1-26.03.2024,4,7,,284.8024,3617.0,274.69,10.11243,1
03042024-BOD-20-15-Q=50.46mL/phút-2,U1-26.03.2024,4,8,BOD15,284.5856,4088.0,274.79,9.79555,2
03042024-BOD-20-15-Q=50.46mL/phút-2,U1-26.03.2024,4,9,,284.4286,4562.0,274.77,9.65862,2
03042024-BOD-20-15-Q=50.46mL/phút-2,U1-26.03.2024,4,10,,284.2944,5034.0,273.7,10.59443,2
03042024-BOD-20-15-Q=50.46mL/phút-2,U1-26.03.2024,4,11,,284.3394,5508.0,274.42,9.91943,2
03042024-BOD-20-15-Q=50.46mL/phút-2,U1-26.03.2024,4,12,,284.2022,5982.0,274.75,9.45222,2
03042024-BOD-20-15-Q=50.46mL/phút-2,U1-26.03.2024,4,13,,284.2261,6456.0,274.67,9.5561,2
03042024-BOD-20-15-Q=50.46mL/phút-2,U1-26.03.2024,4,14,,284.2142,6929.0,275.11,9.10418,2
03042024-BOD-20-15-Q=50.46mL/phút-2,U1-26.03.2024,4,15,,284.3906,7402.0,274.9,9.49057,2
03042024-BOD-15-10-Q=50.76mL/phút-4,U1-26.03.2024,5,0,BOD15,284.58556,301.0,274.79,9.79556,0
03042024-BOD-15-10-Q=50.76mL/phút-4,U1-26.03.2024,5,1,,284.42861,775.0,274.76,9.66861,0
03042024-BOD-15-10-Q=50.76mL/phút-4,U1-26.03.2024,5,2,,284.29444,1247.0,273.7,10.59444,0
03042024-BOD-15-10-Q=50.76mL/phút-4,U1-26.03.2024,5,3,,284.33944,1721.0,274.42,9.91944,0
03042024-BOD-15-10-Q=50.76mL/phút-4,U1-26.03.2024,5,4,,284.20222,2195.0,274.75,9.45222,0
03042024-BOD-15-10-Q=50.76mL/phút-4,U1-26.03.2024,5,5,,284.22611,2669.0,274.67,9.55611,0
03042024-BOD-15-10-Q=50.76mL/phút-4,U1-26.03.2024,5,6,,284.21417,3141.0,275.17,9.04417,0
03042024-BOD-15-10-Q=50.76mL/phút-4,U1-26.03.2024,5,7,,284.39056,3615.0,274.89,9.50056,0
03042024-BOD-15-10-Q=50.76mL/phút-4,U1-26.03.2024,5,8,BOD10,282.61194,4088.0,274.29,8.32194,1
03042024-BOD-15-10-Q=50.76mL/phút-4,U1-26.03.2024,5,9,,284.00189,4560.0,276.34,7.66189,1
03042024-BOD-15-10-Q=50.76mL/phút-4,U1-26.03.2024,5,10,,284.15556,5034.0,276.51,7.64556,1
03042024-BOD-15-10-Q=50.76mL/phút-4,U1-26.03.2024,5,11,,284.13611,5508.0,276.95,7.18611,2
03042024-BOD-15-10-Q=50.76mL/phút-4,U1-26.03.2024,5,12,,284.17167,5981.0,276.53,7.64167,2
03042024-BOD-15-10-Q=50.76mL/phút-4,U1-26.03.2024,5,13,,283.88528,6454.0,277.07,6.81528,2
03042024-BOD-15-10-Q=50.76mL/phút-4,U1-26.03.2024,5,14,,284.28555,6927.0,277.04,7.24555,2
03042024-BOD-15-10-Q=50.76mL/phút-4,U1-26.03.2024,5,15,,284.38889,7400.0,277.42,6.96889,2
03042024-BOD-15-10-Q=50.76mL/phút-4,U1-26.03.2024,5,16,,284.37889,7873.0,277.82,6.55889,2
03042024-BOD-15-10-Q=50.76mL/phút-4,U1-26.03.2024,5,17,,284.74778,8346.0,278.03,6.71778,2
03042024-BOD-15-10-Q=50.76mL/phút-4,U1-26.03.2024,5,18,,284.63111,8820.0,278.07,6.56111,2
03042024-BOD-10-5-Q=50.41mL/phút-5,U1-26.03.2024,6,0,BOD10,284.13611,301.0,276.95,7.18611,0
03042024-BOD-10-5-Q=50.41mL/phút-5,U1-26.03.2024,6,1,,284.17167,774.0,276.53,7.64167,0
03042024-BOD-10-5-Q=50.41mL/phút-5,U1-26.03.2024,6,2,,283.88528,1247.0,277.07,6.81528,0
03042024-BOD-10-5-Q=50.41mL/phút-5,U1-26.03.2024,6,3,,284.28555,1720.0,277.04,7.24555,0
03042024-BOD-10-5-Q=50.41mL/phút-5,U1-26.03.2024,6,4,,284.38889,2193.0,277.42,6.96889,0
03042024-BOD-10-5-Q=50.41mL/phút-5,U1-26.03.2024,6,5,,284.37889,2666.0,277.82,6.55889,0
03042024-BOD-10-5-Q=50.41mL/phút-5,U1-26.03.2024,6,6,,284.74778,3139.0,278.03,6.71778,0
03042024-BOD-10-5-Q=50.41mL/phút-5,U1-26.03.2024,6,7,,284.63111,3613.0,278.07,6.56111,0
03042024-BOD-10-5-Q=50.41mL/phút-5,U1-26.03.2024,6,8,BOD5,283.39861,4059.0,277.49,5.90861,1
03042024-BOD-10-5-Q=50.41mL/phút-5,U1-26.03.2024,6,9,,283.0725,4533.0,276.84,6.2325,1
03042024-BOD-10-5-Q=50.41mL/phút-5,U1-26.03.2024,6,10,,283.00889,5006.0,276.85,6.15889,1
03042024-BOD-10-5-Q=50.41mL/phút-5,U1-26.03.2024,6,11,,283.12528,5480.0,277.23,5.89528,2
03042024-BOD-10-5-Q=50.41mL/phút-5,U1-26.03.2024,6,12,,282.98189,5953.0,277.22,5.76189,2
03042024-BOD-10-5-Q=50.41mL/phút-5,U1-26.03.2024,6,13,,283.04833,6428.0,277.48,5.56833,2
03042024-BOD-10-5-Q=50.41mL/phút-5,U1-26.03.2024,6,14,,283.07722,6900.0,277.29,5.78722,2
03042024-BOD-10-5-Q=50.41mL/phút-5,U1-26.03.2024,6,15,,283.40917,7373.0,277.73,5.67917,2
03042024-BOD-10-5-Q=50.41mL/phút-5,U1-26.03.2024,6,16,,283.45945,7845.0,278.1,5.35945,2
03042024-BOD-10-5-Q=50.41mL/phút-5,U1-26.03.2024,6,17,,283.66028,8319.0,278.12,5.54028,2
03042024-BOD-10-5-Q=50.41mL/phút-5,U1-26.03.2024,6,18,,283.87622,8792.0,278.67,5.20622,2
03042024-BOD-5-0-Q=50.30mL/phút-4,U1-26.03.2024,7,0,BOD5,283.12528,301.0,277.23,5.89528,0
03042024-BOD-5-0-Q=50.30mL/phút-4,U1-26.03.2024,7,1,,282.98189,774.0,277.22,5.76189,0
03042024-BOD-5-0-Q=50.30mL/phút-4,U1-26.03.2024,7,2,,283.04833,1249.0,277.48,5.56833,0
03042024-BOD-5-0-Q=50.30mL/phút-4,U1-26.03.2024,7,3,,283.07722,1721.0,277.29,5.78722,0
03042024-BOD-5-0-Q=50.30mL/phút-4,U1-26.03.2024,7,4,,283.40917,2194.0,277.73,5.67917,0
03042024-BOD-5-0-Q=50.30mL/phút-4,U1-26.03.2024,7,5,,283.45945,2666.0,278.1,5.35945,0
03042024-BOD-5-0-Q=50.30mL/phút-4,U1-26.03.2024,7,6,,283.66028,3140.0,278.12,5.54028,0
03042024-BOD-5-0-Q=50.30mL/phút-4,U1-26.03.2024,7,7,,283.87622,3613.0,278.67,5.20622,0
03042024-BOD-5-0-Q=50.30mL/phút-4,U1-26.03.2024,7,8,BOD0,282.78611,4088.0,279.56,3.22611,1
03042024-BOD-5-0-Q=50.30mL/phút-4,U1-26.03.2024,7,9,,283.13222,4561.0,280.38,2.75222,2
03042024-BOD-5-0-Q=50.30mL/phút-4,U1-26.03.2024,7,10,,283.15584,5033.0,280.42,2.73584,2
03042024-BOD-5-0-Q=50.30mL/phút-4,U1-26.03.2024,7,11,,283.38487,5506.0,280.76,2.62487,2
03042024-BOD-5-0-Q=50.30mL/phút-4,U1-26.03.2024,7,12,,283.5854,5987.0,281.0,2.5854,2
03042024-BOD-5-0-Q=50.30mL/phút-4,U1-26.03.2024,7,13,,283.75472,6456.0,281.1,2.65472,2
03042024-BOD-5-0-Q=50.30mL/phút-4,U1-26.03.2024,7,14,,284.13111,6928.0,281.78,2.35111,2
03042024-BOD-5-0-Q=50.30mL/phút-4,U1-26.03.2024,7,15,,284.00189,7403.0,281.53,2.47189,2
04042024-BOD-12.5-7.5-Q=49.9mL/phút-1,U1-26.03.2024,8,0,BOD12.5,280.40292,301.0,271.54,8.86292,0
04042024-BOD-12.5-7.5-Q=49.9mL/phút-1,U1-26.03.2024,8,1,,280.29292,776.0,271.64,8.65292,0
04042024-BOD-12.5-7.5-Q=49.9mL/phút-1,U1-26.03.2024,8,2,,280.50792,1251.0,271.47,9.03792,0
04042024-BOD-12.5-7.5-Q=49.9mL/phút-1,U1-26.03.2024,8,3,,279.59445,1726.0,271.19,8.40445,0
04042024-BOD-12.5-7.5-Q=49.9mL/phút-1,U1-26.03.2024,8,4,,279.51815,2198.0,271.29,8.22815,0
04042024-BOD-12.5-7.5-Q=49.9mL/phút-1,U1-26.03.2024,8,5,,279.87592,2672.0,270.42,9.45592,0
04042024-BOD-12.5-7.5-Q=49.9mL/phút-1,U1-26.03.2024,8,6,,279.50153,3146.0,271.82,7.68153,0
04042024-BOD-12.5-7.5-Q=49.9mL/phút-1,U1-26.03.2024,8,7,,279.56654,3619.0,270.73,8.83654,0
04042024-BOD-12.5-7.5-Q=49.9mL/phút-1,U1-26.03.2024,8,8,BOD7.5,279.41885,4093.0,273.12,6.29885,1
04042024-BOD-12.5-7.5-Q=49.9mL/phút-1,U1-26.03.2024,8,9,,280.06407,5518.0,272.85,7.21407,1
04042024-BOD-12.5-7.5-Q=49.9mL/phút-1,U1-26.03.2024,8,10,,279.88116,5990.0,273.07,6.81116,1
04042024-BOD-12.5-7.5-Q=49.9mL/phút-1,U1-26.03.2024,8,11,,279.94846,6464.0,273.04,6.90846,2
04042024-BOD-12.5-7.5-Q=49.9mL/phút-1,U1-26.03.2024,8,12,,279.6663,6938.0,272.7,6.9663,2
04042024-BOD-12.5-7.5-Q=49.9mL/phút-1,U1-26.03.2024,8,13,,279.94769,7412.0,272.23,7.71769,2
04042024-BOD-12.5-7.5-Q=49.9mL/phút-1,U1-26.03.2024,8,14,,279.77423,7884.0,272.51,7.26423,2
04042024-BOD-12.5-7.5-Q=49.9mL/phút-1,U1-26.03.2024,8,15,,279.71556,8357.0,272.26,7.45556,2
04042024-BOD-12.5-7.5-Q=49.9mL/phút-1,U1-26.03.2024,8,16,,279.75889,8830.0,272.51,7.24889,2
04042024-BOD-12.5-7.5-Q=49.9mL/phút-1,U1-26.03.2024,8,17,,279.82963,9307.0,272.78,7.04963,2
04042024-BOD-12.5-7.5-Q=49.9mL/phút-1,U1-26.03.2024,8,18,,280.12519,9779.0,273.06,7.06519,2
04042024-BOD-7.5-2.5-Q=49.93mL/phút-1,U1-26.03.2024,9,0,BOD7.5,279.94846,300.0,273.04,6.90846,0
04042024-BOD-7.5-2.5-Q=49.93mL/phút-1,U1-26.03.2024,9,1,,279.6663,774.0,272.7,6.9663,0
04042024-BOD-7.5-2.5-Q=49.93mL/phút-1,U1-26.03.2024,9,2,,279.94769,1246.0,272.34,7.60769,0
04042024-BOD-7.5-2.5-Q=49.93mL/phút-1,U1-26.03.2024,9,3,,279.77423,1720.0,272.51,7.26423,0
04042024-BOD-7.5-2.5-Q=49.93mL/phút-1,U1-26.03.2024,9,4,,279.71556,2193.0,272.26,7.45556,0
04042024-BOD-7.5-2.5-Q=49.93mL/phút-1,U1-26.03.2024,9,5,,279.75889,2666.0,272.51,7.24889,0
04042024-BOD-7.5-2.5-Q=49.93mL/phút-1,U1-26.03.2024,9,6,,279.82963,3143.0,272.78,7.04963,0
04042024-BOD-7.5-2.5-Q=49.93mL/phút-1,U1-26.03.2024,9,7,,280.12519,3615.0,273.06,7.06519,0
04042024-BOD-7.5-2.5-Q=49.93mL/phút-1,U1-26.03.2024,9,8,,279.91769,4088.0,273.54,6.37769,1
04042024-BOD-7.5-2.5-Q=49.93mL/phút-1,U1-26.03.2024,9,9,BOD2.5,280.67371,4559.0,274.32,6.35371,1
04042024-BOD-7.5-2.5-Q=49.93mL/phút-1,U1-26.03.2024,9,10,,280.78846,5031.0,275.17,5.61846,1
04042024-BOD-7.5-2.5-Q=49.93mL/phút-1,U1-26.03.2024,9,11,,280.61296,5508.0,274.79,5.82296,2
04042024-BOD-7.5-2.5-Q=49.93mL/phút-1,U1-26.03.2024,9,12,,280.55963,5978.0,274.48,6.07963,2
04042024-BOD-7.5-2.5-Q=49.93mL/phút-1,U1-26.03.2024,9,13,,280.49115,6451.0,274.16,6.33115,2
04042024-BOD-7.5-2.5-Q=49.93mL/phút-1,U1-26.03.2024,9,14,,280.67346,6927.0,274.32,6.35346,2
04042024-BOD-7.5-2.5-Q=49.93mL/phút-1,U1-26.03.2024,9,15,,280.49731,7399.0,273.54,6.95731,2
04042024-BOD-7.5-2.5-Q=49.93mL/phút-1,U1-26.03.2024,9,16,,280.68769,7869.0,273.54,7.14769,2
04042024-BOD-7.5-2.5-Q=49.93mL/phút-1,U1-26.03.2024,9,17,,280.79807,8343.0,274.26,6.53807,2
05042024-BOD-17.5-12.5-Q=49.88mL/phút-1,U1-26.03.2024,11,0,BOD17.5,286.3396,301.0,278.41,7.92958,0
05042024-BOD-17.5-12.5-Q=49.88mL/phút-1,U1-26.03.2024,11,1,,286.2571,774.0,278.51,7.74708,0
05042024-BOD-17.5-12.5-Q=49.88mL/phút-1,U1-26.03.2024,11,2,,286.7071,1246.0,278.51,8.19708,0
05042024-BOD-17.5-12.5-Q=49.88mL/phút-1,U1-26.03.2024,11,3,,286.5075,1720.0,278.56,7.9475,0
05042024-BOD-17.5-12.5-Q=49.88mL/phút-1,U1-26.03.2024,11,4,,286.2626,2192.0,278.41,7.85259,0
05042024-BOD-17.5-12.5-Q=49.88mL/phút-1,U1-26.03.2024,11,5,,286.8493,2664.0,278.26,8.58926,0
05042024-BOD-17.5-12.5-Q=49.88mL/phút-1,U1-26.03.2024,11,6,,286.8493,3139.0,278.04,8.80926,0
05042024-BOD-17.5-12.5-Q=49.88mL/phút-1,U1-26.03.2024,11,7,,286.8719,3612.0,277.76,9.11185,0
05042024-BOD-17.5-12.5-Q=49.88mL/phút-1,U1-26.03.2024,11,8,,286.2878,4087.0,277.73,8.55778,1
05042024-BOD-17.5-12.5-Q=49.88mL/phút-1,U1-26.03.2024,11,9,BOD12.5,286.3052,4559.0,278.17,8.13518,1
05042024-BOD-17.5-12.5-Q=49.88mL/phút-1,U1-26.03.2024,11,10,,286.287,5033.0,279.26,7.02704,2
05042024-BOD-17.5-12.5-Q=49.88mL/phút-1,U1-26.03.2024,11,11,,286.3796,5505.0,278.76,7.61963,2
05042024-BOD-17.5-12.5-Q=49.88mL/phút-1,U1-26.03.2024,11,12,,286.5593,5980.0,278.72,7.83926,2
05042024-BOD-17.5-12.5-Q=49.88mL/phút-1,U1-26.03.2024,11,13,,286.453,6450.0,278.72,7.73296,2
05042024-BOD-17.5-12.5-Q=49.88mL/phút-1,U1-26.03.2024,11,14,,286.6907,6923.0,278.95,7.74074,2
05042024-BOD-17.5-12.5-Q=49.88mL/phút-1,U1-26.03.2024,11,15,,286.8111,7397.0,278.82,7.99111,2
05042024-BOD-17.5-12.5-Q=49.88mL/phút-1,U1-26.03.2024,11,16,,286.1359,7871.0,278.41,7.72593,2
05042024-BOD-7.5-2.5-Q=49.84mL/phút-2,U1-26.03.2024,12,0,BOD7.5,285.7026,16917.0,277.48,8.22259,0
05042024-BOD-7.5-2.5-Q=49.84mL/phút-2,U1-26.03.2024,12,1,,285.4315,17390.0,277.79,7.64149,0
05042024-BOD-7.5-2.5-Q=49.84mL/phút-2,U1-26.03.2024,12,2,,285.4133,17865.0,277.41,8.00334,0
05042024-BOD-7.5-2.5-Q=49.84mL/phút-2,U1-26.03.2024,12,3,,285.367,18337.0,277.57,7.79704,0
05042024-BOD-7.5-2.5-Q=49.84mL/phút-2,U1-26.03.2024,12,4,,285.5115,18813.0,276.82,8.69148,0
05042024-BOD-7.5-2.5-Q=49.84mL/phút-2,U1-26.03.2024,12,5,,285.083,19285.0,276.67,8.41296,0
05042024-BOD-7.5-2.5-Q=49.84mL/phút-2,U1-26.03.2024,12,6,,284.9807,19758.0,276.57,8.41074,0
05042024-BOD-7.5-2.5-Q=49.84mL/phút-2,U1-26.03.2024,12,7,,284.687,20231.0,276.54,8.14704,0
05042024-BOD-7.5-2.5-Q=49.84mL/phút-2,U1-26.03.2024,12,8,BOD2.5,284.7082,20706.0,277.28,7.42815,1
05042024-BOD-7.5-2.5-Q=49.84mL/phút-2,U1-26.03.2024,12,9,,285.3378,21178.0,278.67,6.66778,2
05042024-BOD-7.5-2.5-Q=49.84mL/phút-2,U1-26.03.2024,12,10,,285.0289,21650.0,278.47,6.55889,2
05042024-BOD-7.5-2.5-Q=49.84mL/phút-2,U1-26.03.2024,12,11,,285.0196,22124.0,278.82,6.19963,2
05042024-BOD-7.5-2.5-Q=49.84mL/phút-2,U1-26.03.2024,12,12,,285.1952,22594.0,278.57,6.62519,2
05042024-BOD-7.5-2.5-Q=49.84mL/phút-2,U1-26.03.2024,12,13,,285.453,23073.0,278.6,6.85296,2
05042024-BOD-7.5-2.5-Q=49.84mL/phút-2,U1-26.03.2024,12,14,,285.5148,23547.0,278.16,7.35481,2
05042024-BOD-7.5-2.5-Q=49.84mL/phút-2,U1-26.03.2024,12,15,,285.4069,24018.0,278.51,6.89692,2
05042024-BOD-7.5-2.5-Q=49.84mL/phút-2,U1-26.03.2024,12,16,,284.6882,24492.0,278.23,6.45815,2
05042024-BOD-2.5-0-Q=49.63mL/phút-2,U1-26.03.2024,13,0,BOD2.5,285.33778,301.0,278.67,6.66778,0
05042024-BOD-2.5-0-Q=49.63mL/phút-2,U1-26.03.2024,13,1,,285.02889,773.0,278.47,6.55889,0
05042024-BOD-2.5-0-Q=49.63mL/phút-2,U1-26.03.2024,13,2,,285.01963,1247.0,278.82,6.19963,0
05042024-BOD-2.5-0-Q=49.63mL/phút-2,U1-26.03.2024,13,3,,285.19519,1720.0,278.57,6.62519,0
05042024-BOD-2.5-0-Q=49.63mL/phút-2,U1-26.03.2024,13,4,,285.45296,2196.0,278.6,6.85296,0
05042024-BOD-2.5-0-Q=49.63mL/phút-2,U1-26.03.2024,13,5,,285.51481,2670.0,278.16,7.35481,0
05042024-BOD-2.5-0-Q=49.63mL/phút-2,U1-26.03.2024,13,6,,285.40692,3140.0,278.51,6.89692,0
05042024-BOD-2.5-0-Q=49.63mL/phút-2,U1-26.03.2024,13,7,,284.68815,3615.0,278.23,6.45815,0
05042024-BOD-2.5-0-Q=49.63mL/phút-2,U1-26.03.2024,13,8,,283.61037,4088.0,278.51,5.10037,1
05042024-BOD-2.5-0-Q=49.63mL/phút-2,U1-26.03.2024,13,9,BOD0,283.61037,4562.0,279.35,4.26037,1
05042024-BOD-2.5-0-Q=49.63mL/phút-2,U1-26.03.2024,13,10,,284.98259,5034.0,279.32,5.66259,2
05042024-BOD-2.5-0-Q=49.63mL/phút-2,U1-26.03.2024,13,11,,285.30629,5508.0,279.85,5.45629,2
05042024-BOD-2.5-0-Q=49.63mL/phút-2,U1-26.03.2024,13,12,,285.80407,5980.0,280.42,5.38407,2
05042024-BOD-2.5-0-Q=49.63mL/phút-2,U1-26.03.2024,13,13,,285.80407,6455.0,280.32,5.48407,2
05042024-BOD-2.5-0-Q=49.63mL/phút-2,U1-26.03.2024,13,14,,285.48223,6928.0,281.44,4.04223,2
05042024-BOD-2.5-0-Q=49.63mL/phút-2,U1-26.03.2024,13,15,,286.06666,7401.0,281.48,4.58666,2
05042024-BOD-2.5-0-Q=49.63mL/phút-2,U1-26.03.2024,13,16,,285.97348,7876.0,281.45,4.52348,2
05042024-BOD-2.5-0-Q=49.63mL/phút-2,U1-26.03.2024,13,17,,286.14167,8248.0,282.17,3.97167,2
05042024-BOD-2.5-0-Q=49.63mL/phút-2,U1-26.03.2024,13,18,,286.47959,8819.0,282.79,3.68959,2
08042024-BOD-17.5-12.5-Q=50.04mL/phút-2,U1-26.03.2024,14,0,BOD17.5,293.2126,301.0,283.91,9.30261,0
08042024-BOD-17.5-12.5-Q=50.04mL/phút-2,U1-26.03.2024,14,1,,292.9622,774.0,283.74,9.22218,0
08042024-BOD-17.5-12.5-Q=50.04mL/phút-2,U1-26.03.2024,14,2,,292.7908,1248.0,283.64,9.15082,0
08042024-BOD-17.5-12.5-Q=50.04mL/phút-2,U1-26.03.2024,14,3,,292.685,1721.0,283.22,9.465,0
08042024-BOD-17.5-12.5-Q=50.04mL/phút-2,U1-26.03.2024,14,4,,292.6391,2194.0,283.05,9.58914,0
08042024-BOD-17.5-12.5-Q=50.04mL/phút-2,U1-26.03.2024,14,5,,292.6592,2668.0,282.95,9.70916,0
08042024-BOD-17.5-12.5-Q=50.04mL/phút-2,U1-26.03.2024,14,6,,292.8665,3141.0,282.95,9.91651,0
08042024-BOD-17.5-12.5-Q=50.04mL/phút-2,U1-26.03.2024,14,7,,292.8904,3615.0,283.12,9.77042,0
08042024-BOD-17.5-12.5-Q=50.04mL/phút-2,U1-26.03.2024,14,8,,291.867,4087.0,282.05,9.81697,1
08042024-BOD-17.5-12.5-Q=50.04mL/phút-2,U1-26.03.2024,14,9,BOD12.5,291.5813,4562.0,282.22,9.36125,1
08042024-BOD-17.5-12.5-Q=50.04mL/phút-2,U1-26.03.2024,14,10,,291.1038,5037.0,281.4,9.70376,2
08042024-BOD-17.5-12.5-Q=50.04mL/phút-2,U1-26.03.2024,14,11,,291.0274,5509.0,281.44,9.58739,2
08042024-BOD-17.5-12.5-Q=50.04mL/phút-2,U1-26.03.2024,14,12,,290.7692,5983.0,281.53,9.23917,2
08042024-BOD-17.5-12.5-Q=50.04mL/phút-2,U1-26.03.2024,14,13,,290.3008,6456.0,282.09,8.21083,2
08042024-BOD-17.5-12.5-Q=50.04mL/phút-2,U1-26.03.2024,14,14,,290.5433,6928.0,282.47,8.07333,2
08042024-BOD-17.5-12.5-Q=50.04mL/phút-2,U1-26.03.2024,14,15,,290.5146,7402.0,282.22,8.29458,2
08042024-BOD-17.5-12.5-Q=50.04mL/phút-2,U1-26.03.2024,14,16,,290.3383,7874.0,281.94,8.39833,2
08042024-BOD-17.5-12.5-Q=50.04mL/phút-2,U1-26.03.2024,14,17,,290.3635,8350.0,281.61,8.75349,2
08042024-BOD-2.5-0-Q=49.85mL/phút-3,U1-26.03.2024,17,0,BOD2.5,288.25667,301.0,282.1,6.15667,0
08042024-BOD-2.5-0-Q=49.85mL/phút-3,U1-26.03.2024,17,1,,288.5625,774.0,282.23,6.3325,0
08042024-BOD-2.5-0-Q=49.85mL/phút-3,U1-26.03.2024,17,2,,288.56459,1247.0,282.32,6.24459,0
08042024-BOD-2.5-0-Q=49.85mL/phút-3,U1-26.03.2024,17,3,,288.43708,1721.0,282.07,6.36708,0
08042024-BOD-2.5-0-Q=49.85mL/phút-3,U1-26.03.2024,17,4,,288.38261,2194.0,282.6,5.78261,0
08042024-BOD-2.5-0-Q=49.85mL/phút-3,U1-26.03.2024,17,5,,288.47459,2667.0,282.38,6.09459,0
08042024-BOD-2.5-0-Q=49.85mL/phút-3,U1-26.03.2024,17,6,,288.1675,3143.0,282.35,5.8175,0
08042024-BOD-2.5-0-Q=49.85mL/phút-3,U1-26.03.2024,17,7,,288.24417,3616.0,282.22,6.02417,0
08042024-BOD-2.5-0-Q=49.85mL/phút-3,U1-26.03.2024,17,8,,287.70667,4089.0,283.28,4.42667,1
08042024-BOD-2.5-0-Q=49.85mL/phút-3,U1-26.03.2024,17,9,BOD0,287.78958,4561.0,283.91,3.87958,2
08042024-BOD-2.5-0-Q=49.85mL/phút-3,U1-26.03.2024,17,10,,287.84458,5034.0,284.07,3.77458,2
08042024-BOD-2.5-0-Q=49.85mL/phút-3,U1-26.03.2024,17,11,,287.89083,5509.0,284.16,3.73083,2
08042024-BOD-2.5-0-Q=49.85mL/phút-3,U1-26.03.2024,17,12,,287.91625,5981.0,284.04,3.87625,2
08042024-BOD-2.5-0-Q=49.85mL/phút-3,U1-26.03.2024,17,13,,287.51792,6455.0,284.14,3.37792,2
08042024-BOD-2.5-0-Q=49.85mL/phút-3,U1-26.03.2024,17,14,,287.54417,6929.0,283.92,3.62417,2
08042024-BOD-2.5-0-Q=49.85mL/phút-3,U1-26.03.2024,17,15,,287.51291,7402.0,283.95,3.56291,2
U4-20-10-18042024-Q=49.73mL/phút-1,U4-15.04.2024,0,0,BOD20,285.5308,301.0,276.72,8.81083,0
U4-20-10-18042024-Q=49.73mL/phút-1,U4-15.04.2024,0,1,,285.5504,776.0,276.89,8.66042,0
U4-20-10-18042024-Q=49.73mL/phút-1,U4-15.04.2024,0,2,,285.5796,1248.0,277.23,8.34958,0
U4-20-10-18042024-Q=49.73mL/phút-1,U4-15.04.2024,0,3,,285.6383,1722.0,276.85,8.78833,0
U4-20-10-18042024-Q=49.73mL/phút-1,U4-15.04.2024,0,4,,285.5571,2196.0,277.2,8.35708,0
U4-20-10-18042024-Q=49.73mL/phút-1,U4-15.04.2024,0,5,,285.6813,2668.0,277.51,8.17125,0
U4-20-10-18042024-Q=49.73mL/phút-1,U4-15.04.2024,0,6,BOD10,285.2388,3140.0,278.1,7.13875,1
U4-20-10-18042024-Q=49.73mL/phút-1,U4-15.04.2024,0,7,,285.3988,3615.0,278.7,6.69875,2
U4-20-10-18042024-Q=49.73mL/phút-1,U4-15.04.2024,0,8,,285.3988,4088.0,278.67,6.72875,2
U4-20-10-18042024-Q=49.73mL/phút-1,U4-15.04.2024,0,9,,285.3696,4562.0,279.23,6.13957,2
U4-20-10-18042024-Q=49.73mL/phút-1,U4-15.04.2024,0,10,,285.4904,5034.0,278.81,6.68042,2
U4-20-10-18042024-Q=49.73mL/phút-1,U4-15.04.2024,0,11,,285.3588,5509.0,278.85,6.50875,2
U4-20-10-18042024-Q=49.73mL/phút-1,U4-15.04.2024,0,12,,285.3925,5982.0,279.12,6.2725,2
U4-10-0-18042024-Q=49.70mL/phút-1,U4-15.04.2024,1,0,BOD10,285.3988,301.0,278.7,6.69875,0
U4-10-0-18042024-Q=49.70mL/phút-1,U4-15.04.2024,1,1,,285.3988,774.0,278.67,6.72875,0
U4-10-0-18042024-Q=49.70mL/phút-1,U4-15.04.2024,1,2,,285.3696,1248.0,279.23,6.13957,0
U4-10-0-18042024-Q=49.70mL/phút-1,U4-15.04.2024,1,3,,285.4904,1720.0,278.81,6.68042,0
U4-10-0-18042024-Q=49.70mL/phút-1,U4-15.04.2024,1,4,,285.3588,2195.0,278.85,6.50875,0
U4-10-0-18042024-Q=49.70mL/phút-1,U4-15.04.2024,1,5,,285.3925,2668.0,279.12,6.2725,0
U4-10-0-18042024-Q=49.70mL/phút-1,U4-15.04.2024,1,6,BOD0,284.7938,3141.0,281.23,3.56375,1
U4-10-0-18042024-Q=49.70mL/phút-1,U4-15.04.2024,1,7,,284.8948,3613.0,282.23,2.66478,2
U4-10-0-18042024-Q=49.70mL/phút-1,U4-15.04.2024,1,8,,284.9367,4087.0,282.22,2.71667,2
U4-10-0-18042024-Q=49.70mL/phút-1,U4-15.04.2024,1,9,,285.0692,4562.0,282.23,2.83917,2
U4-10-0-18042024-Q=49.70mL/phút-1,U4-15.04.2024,1,10,,285.0221,5034.0,282.38,2.64208,2
U4-10-0-18042024-Q=49.70mL/phút-1,U4-15.04.2024,1,11,,285.1538,5506.0,282.73,2.42375,2
U4-10-0-18042024-Q=49.70mL/phút-1,U4-15.04.2024,1,12,,285.3048,5982.0,282.78,2.52478,2
U4-12.5-7.5-18042024-Q=49.88mL/phút-1,U4-15.04.2024,2,0,BOD12.5,284.7175,301.0,277.87,6.8475,0
U4-12.5-7.5-18042024-Q=49.88mL/phút-1,U4-15.04.2024,2,1,,284.9133,775.0,277.82,7.09333,0
U4-12.5-7.5-18042024-Q=49.88mL/phút-1,U4-15.04.2024,2,2,,285.0458,1247.0,277.64,7.40584,0
U4-12.5-7.5-18042024-Q=49.88mL/phút-1,U4-15.04.2024,2,3,,285.0558,1721.0,277.57,7.48583,0
U4-12.5-7.5-18042024-Q=49.88mL/phút-1,U4-15.04.2024,2,4,,285.1608,2194.0,277.89,7.27083,0
U4-12.5-7.5-18042024-Q=49.88mL/phút-1,U4-15.04.2024,2,5,,285.3646,2668.0,278.47,6.89458,0
U4-12.5-7.5-18042024-Q=49.88mL/phút-1,U4-15.04.2024,2,6,BOD7.5,284.4917,3141.0,277.72,6.77167,1
U4-12.5-7.5-18042024-Q=49.88mL/phút-1,U4-15.04.2024,2,7,,284.8946,3614.0,278.64,6.25459,2
U4-12.5-7.5-18042024-Q=49.88mL/phút-1,U4-15.04.2024,2,8,,285.0442,4087.0,279.39,5.65417,2
U4-12.5-7.5-18042024-Q=49.88mL/phút-1,U4-15.04.2024,2,9,,285.1763,4561.0,279.1,6.07625,2
U4-12.5-7.5-18042024-Q=49.88mL/phút-1,U4-15.04.2024,2,10,,285.2626,5034.0,279.01,6.25261,2
U4-12.5-7.5-18042024-Q=49.88mL/phút-1,U4-15.04.2024,2,11,,285.4658,5508.0,279.26,6.20584,2
U4-12.5-7.5-18042024-Q=49.88mL/phút-1,U4-15.04.2024,2,12,,285.6108,5982.0,279.45,6.16083,2
U4-12.5-7.5-18042024-Q=49.88mL/phút-1,U4-15.04.2024,2,13,,285.7967,6455.0,279.76,6.03667,2
U88-H3-VS2-7.5-2.5-25062024-Q=51.14mLphut-4,U88-H3-VS2-21062024,0,0,BOD 7.5,359.4408,260.0,343.5,15.94079,0
U88-H3-VS2-7.5-2.5-25062024-Q=51.14mLphut-4,U88-H3-VS2-21062024,0,1,,359.0868,734.0,341.5,17.58684,0
U88-H3-VS2-7.5-2.5-25062024-Q=51.14mLphut-4,U88-H3-VS2-21062024,0,2,,356.5882,1212.0,340.2,16.38816,0
U88-H3-VS2-7.5-2.5-25062024-Q=51.14mLphut-4,U88-H3-VS2-21062024,0,3,,357.4947,1681.0,341.1,16.39474,0
U88-H3-VS2-7.5-2.5-25062024-Q=51.14mLphut-4,U88-H3-VS2-21062024,0,4,,355.5026,2154.0,339.4,16.10263,0
U88-H3-VS2-7.5-2.5-25062024-Q=51.14mLphut-4,U88-H3-VS2-21062024,0,5,,354.7526,2628.0,338.9,15.85263,0
U88-H3-VS2-7.5-2.5-25062024-Q=51.14mLphut-4,U88-H3-VS2-21062024,0,6,BOD 2.5,356.1264,3102.0,343.1,13.0264,1
U88-H3-VS2-7.5-2.5-25062024-Q=51.14mLphut-4,U88-H3-VS2-21062024,0,7,,354.1437,3576.0,341.8,12.34365,2
U88-H3-VS2-7.5-2.5-25062024-Q=51.14mLphut-4,U88-H3-VS2-21062024,0,8,,353.9698,4046.0,341.6,12.36984,2
U88-H3-VS2-7.5-2.5-25062024-Q=51.14mLphut-4,U88-H3-VS2-21062024,0,9,,353.2221,4519.0,342.0,11.22214,2
U88-H3-VS2-7.5-2.5-25062024-Q=51.14mLphut-4,U88-H3-VS2-21062024,0,10,,350.4311,4994.0,338.7,11.73106,2
U88-H3-VS2-7.5-2.5-25062024-Q=51.14mLphut-4,U88-H3-VS2-21062024,0,11,,349.8049,5466.0,337.3,12.5049,2
U88-H3-VS2-7.5-2.5-25062024-Q=51.14mLphut-4,U88-H3-VS2-21062024,0,12,,348.9242,5939.0,337.8,11.12424,2
U88-H3-VS2-7.5-2.5-25062024-Q=51.14mLphut-4,U88-H3-VS2-21062024,0,13,,348.4712,6413.0,337.0,11.47121,2
